1,1,同じ名字の
2,1,あらぬ姿で
3,1,あれから5年
4,1,もう戻れない
5,1,背筋も凍る
6,1,金にまみれた
7,1,証拠があるの？
8,1,口に含んで
9,1,口紅の跡
10,1,かわいい顔して
11,1,だからあなたは
12,1,近づかないで！
13,1,白いワイシャツ
14,1,汗ばむ体
15,1,こんなところで
16,1,いいえ、私は
17,1,襖の影から
18,1,悔し涙の
19,1,いずれあなたは
20,1,あなたは私の
21,1,虫酸が走る
22,1,何しているの！？
23,1,今日の獲物は
24,1,口ほどにもない
25,1,もう止まらない
26,1,あたしの体は
27,1,別の女性と
28,1,愛をはぐくむ
29,1,不倫の果てに
30,1,遺産相続
31,1,束縛されて
32,1,あなたの子なの？
33,1,そこまでやるか？
34,1,鏡に映る
35,1,フランスベッド
36,1,そろってクズね
37,1,指を絡める
38,1,あなたが憎い
39,1,心の中は
40,1,愛しています
41,1,やめてください！
42,1,決して言えない
43,1,我慢できない
